标题,链接
“法”之为道 习近平指导全民依法战疫,https://news.sina.com.cn/gov/xlxw/2020-04-14/doc-iirczymi6216828.shtml
打好心理防疫这场“看不见”的战争,https://news.sina.com.cn/gov/xlxw/2020-04-14/doc-iircuyvh7736533.shtml
飞舞的红窗帘,https://news.sina.com.cn/gov/xlxw/2020-04-14/doc-iirczymi6267359.shtml
为中小微企业复产纾困解难,https://news.sina.com.cn/c/2020-04-13/doc-iircuyvh7574830.shtml
春播春管,https://news.sina.com.cn/c/2020-04-13/doc-iirczymi6095118.shtml
理上网来,http://www.qstheory.cn/zt2019/llxjj/index.htm
强调控，直面惊涛更从容,https://news.sina.com.cn/gov/2020-04-14/doc-iirczymi6139156.shtml
维护国家安全,https://news.sina.cn/zt_d/aqjy0415
完善要素市场化配置体制机制,https://news.sina.com.cn/c/2020-04-14/doc-iircuyvh7610833.shtml
深化供给侧结构性改革,https://news.sina.com.cn/gov/2020-04-14/doc-iirczymi6139462.shtml
中国精神抗疫斗争中坚守传承,https://news.sina.com.cn/gov/2020-04-14/doc-iirczymi6177749.shtml
疫情新热点,https://news.sina.cn/zt_d/feiyan1231
武汉民生项目加快复工,https://news.sina.com.cn/c/2020-04-14/doc-iirczymi6142205.shtml
为企业纾困减负,https://news.sina.com.cn/c/2020-04-14/doc-iircuyvh7610865.shtml
武汉战“疫”,https://hb.sina.cn/zt_d/whfyyq
脱贫不脱帮扶 守住幸福,https://news.sina.com.cn/gov/2020-04-14/doc-iircuyvh7663663.shtml
山村旧貌换新颜,http://slide.news.sina.com.cn/slide_1_86058_450406.html#p=1
求助,http://news.sina.com.cn/zt_d/qz2020/
辟谣,http://news.sina.cn/zt_d/pyzq2020
